_id,username,gymID,timestamp
6710a13bf43f2805040bcacd,jiangweimin,2,Thu Oct 17 2024 13:31:39 GMT+0800 (Singapore Standard Time)
6715eb8973a081e2f55c4649,leo,3,Mon Oct 21 2024 13:50:01 GMT+0800 (Singapore Standard Time)
7972936472,user8426,3,Mon Jul 15 2024 02:50:01 GMT+0800 (Singapore Standard Time)
7414619346,user7261,2,Sat Jun 29 2024 01:35:18 GMT+0800 (Singapore Standard Time)
4797207906,user1244,3,Sat Aug 17 2024 04:40:54 GMT+0800 (Singapore Standard Time)
8690554667,user7350,3,Fri Sep 22 2023 18:12:18 GMT+0800 (Singapore Standard Time)
3670253711,user7188,2,Sun May 12 2024 23:52:43 GMT+0800 (Singapore Standard Time)
1041723818,user1782,2,Fri May 26 2023 17:39:52 GMT+0800 (Singapore Standard Time)
5604875521,user1785,2,Tue Sep 10 2024 02:29:41 GMT+0800 (Singapore Standard Time)
5045127867,user6560,2,Fri Mar 08 2024 15:30:40 GMT+0800 (Singapore Standard Time)
7610904922,user7874,3,Mon Jan 29 2024 09:48:08 GMT+0800 (Singapore Standard Time)
3816381110,user8714,2,Sun Feb 12 2023 01:37:27 GMT+0800 (Singapore Standard Time)
3480236653,user4055,3,Fri Sep 06 2024 09:49:15 GMT+0800 (Singapore Standard Time)
1124022081,user3739,3,Sun Jan 15 2023 23:39:47 GMT+0800 (Singapore Standard Time)
8091234140,user4495,3,Sat Aug 19 2023 12:03:06 GMT+0800 (Singapore Standard Time)
5968192845,user4724,3,Tue Sep 12 2023 13:35:55 GMT+0800 (Singapore Standard Time)
4301972908,user6839,3,Sat Sep 14 2024 16:34:42 GMT+0800 (Singapore Standard Time)
8900363440,user7950,3,Sun Feb 12 2023 16:52:29 GMT+0800 (Singapore Standard Time)
5024336957,user9658,2,Mon Jun 17 2024 05:35:28 GMT+0800 (Singapore Standard Time)
8802074363,user6476,2,Mon May 01 2023 15:09:13 GMT+0800 (Singapore Standard Time)
6010335412,user6238,3,Tue May 02 2023 05:36:44 GMT+0800 (Singapore Standard Time)
5267574336,user1600,2,Sat Jan 13 2024 17:23:22 GMT+0800 (Singapore Standard Time)
2643617083,user4510,2,Wed Oct 25 2023 13:42:25 GMT+0800 (Singapore Standard Time)
2755795954,user6482,3,Sat Mar 09 2024 13:10:20 GMT+0800 (Singapore Standard Time)
5030410373,user6793,2,Wed Jan 04 2023 22:18:52 GMT+0800 (Singapore Standard Time)
8710732844,user8987,2,Sun Jul 14 2024 14:03:58 GMT+0800 (Singapore Standard Time)
7665660407,user5270,2,Tue Jan 30 2024 12:20:42 GMT+0800 (Singapore Standard Time)
6910878884,user5348,3,Sun Nov 19 2023 10:18:47 GMT+0800 (Singapore Standard Time)
3387833059,user2105,3,Thu Feb 16 2023 13:15:59 GMT+0800 (Singapore Standard Time)
5121455269,user6519,2,Tue Jan 16 2024 18:07:35 GMT+0800 (Singapore Standard Time)
6383913794,user5399,2,Wed Sep 11 2024 07:54:03 GMT+0800 (Singapore Standard Time)
7064150433,user1133,2,Thu Aug 10 2023 22:39:37 GMT+0800 (Singapore Standard Time)
8289473331,user3131,3,Wed Aug 16 2023 15:46:30 GMT+0800 (Singapore Standard Time)
9170250967,user4257,3,Wed May 17 2023 13:20:03 GMT+0800 (Singapore Standard Time)
7885924020,user9040,2,Wed Apr 03 2024 03:57:47 GMT+0800 (Singapore Standard Time)
2121305629,user9756,2,Mon Jul 01 2024 01:02:34 GMT+0800 (Singapore Standard Time)
8383749082,user1753,2,Mon May 22 2023 02:20:39 GMT+0800 (Singapore Standard Time)
1878978620,user5194,2,Thu Aug 10 2023 00:24:48 GMT+0800 (Singapore Standard Time)
2451265270,user1710,2,Fri Dec 01 2023 11:14:10 GMT+0800 (Singapore Standard Time)
9524505075,user6624,3,Mon Jan 08 2024 17:47:20 GMT+0800 (Singapore Standard Time)
5591182647,user9770,2,Sat Jun 24 2023 17:47:05 GMT+0800 (Singapore Standard Time)
7992651495,user3091,2,Mon Jul 29 2024 08:41:31 GMT+0800 (Singapore Standard Time)
8848111495,user8838,2,Thu May 09 2024 05:43:55 GMT+0800 (Singapore Standard Time)
4430186058,user9192,3,Fri Nov 03 2023 14:21:58 GMT+0800 (Singapore Standard Time)
4073418498,user1658,2,Wed Jun 12 2024 03:24:36 GMT+0800 (Singapore Standard Time)
4685495279,user5675,3,Mon Oct 16 2023 05:46:30 GMT+0800 (Singapore Standard Time)
5667857901,user1248,3,Wed Aug 16 2023 22:53:57 GMT+0800 (Singapore Standard Time)
2982936919,user6583,3,Tue May 07 2024 05:06:00 GMT+0800 (Singapore Standard Time)
8535120752,user5319,3,Thu Jun 01 2023 08:56:58 GMT+0800 (Singapore Standard Time)
3013545628,user1679,3,Sat Mar 04 2023 16:48:33 GMT+0800 (Singapore Standard Time)
5807513564,user4259,3,Thu Aug 03 2023 11:42:58 GMT+0800 (Singapore Standard Time)
7495868467,user2460,2,Sat Jul 29 2023 14:23:26 GMT+0800 (Singapore Standard Time)
4586869090,user8792,2,Mon Aug 28 2023 01:42:12 GMT+0800 (Singapore Standard Time)
4139474481,user4622,3,Sun Nov 12 2023 17:04:56 GMT+0800 (Singapore Standard Time)
7855239189,user8504,2,Thu Jun 06 2024 20:39:01 GMT+0800 (Singapore Standard Time)
4879400637,user3349,3,Wed Feb 22 2023 22:27:49 GMT+0800 (Singapore Standard Time)
1704135485,user6466,3,Thu Jun 15 2023 07:08:26 GMT+0800 (Singapore Standard Time)
7255036629,user6074,3,Fri Jun 02 2023 00:19:17 GMT+0800 (Singapore Standard Time)
8940296416,user4998,2,Sat Jan 27 2024 23:22:20 GMT+0800 (Singapore Standard Time)
2988229424,user6225,3,Tue Jan 02 2024 02:28:25 GMT+0800 (Singapore Standard Time)
6870555021,user4223,3,Thu May 18 2023 15:18:46 GMT+0800 (Singapore Standard Time)
8077030869,user5698,2,Tue Oct 15 2024 19:57:48 GMT+0800 (Singapore Standard Time)
6741120088,user4430,2,Thu Jun 01 2023 19:18:39 GMT+0800 (Singapore Standard Time)
7533650204,user5345,2,Thu Sep 19 2024 17:23:40 GMT+0800 (Singapore Standard Time)
1043349193,user2439,3,Tue May 02 2023 05:53:43 GMT+0800 (Singapore Standard Time)
5923221942,user3058,2,Tue Mar 26 2024 16:33:38 GMT+0800 (Singapore Standard Time)
4148380491,user3946,2,Wed Jul 24 2024 12:17:44 GMT+0800 (Singapore Standard Time)
6935371193,user5108,2,Thu Jul 13 2023 19:08:58 GMT+0800 (Singapore Standard Time)
1320958635,user8823,2,Thu Aug 29 2024 00:19:21 GMT+0800 (Singapore Standard Time)
9782363871,user3263,2,Thu Apr 27 2023 17:39:26 GMT+0800 (Singapore Standard Time)
6240141476,user6841,3,Sat Mar 23 2024 02:57:41 GMT+0800 (Singapore Standard Time)
9920471035,user9665,3,Mon Jul 29 2024 16:23:43 GMT+0800 (Singapore Standard Time)
5215781738,user5536,2,Mon Sep 04 2023 08:30:07 GMT+0800 (Singapore Standard Time)
7941217991,user8138,3,Wed Mar 13 2024 08:05:27 GMT+0800 (Singapore Standard Time)
3786494448,user8123,2,Sat Sep 21 2024 21:49:53 GMT+0800 (Singapore Standard Time)
1118824336,user9547,3,Mon Jul 24 2023 04:16:35 GMT+0800 (Singapore Standard Time)
2389076402,user1210,3,Thu Sep 19 2024 05:57:52 GMT+0800 (Singapore Standard Time)
4452225815,user1522,3,Tue Jul 16 2024 15:37:56 GMT+0800 (Singapore Standard Time)
8885612867,user3759,3,Sun May 28 2023 03:16:20 GMT+0800 (Singapore Standard Time)
2454063743,user1356,2,Fri Nov 10 2023 20:00:52 GMT+0800 (Singapore Standard Time)
3406745179,user8868,2,Tue Mar 07 2023 05:14:42 GMT+0800 (Singapore Standard Time)
6884315756,user4907,3,Tue Aug 29 2023 03:11:35 GMT+0800 (Singapore Standard Time)
6537324164,user7581,2,Sat May 06 2023 04:42:03 GMT+0800 (Singapore Standard Time)
4082321525,user1495,2,Fri Sep 01 2023 01:49:32 GMT+0800 (Singapore Standard Time)
9776899208,user1715,2,Sat Dec 30 2023 16:39:20 GMT+0800 (Singapore Standard Time)
9617532639,user9533,3,Sun Sep 10 2023 17:18:09 GMT+0800 (Singapore Standard Time)
2562308568,user9628,3,Tue Oct 15 2024 18:57:31 GMT+0800 (Singapore Standard Time)
9293036938,user4744,2,Fri Sep 20 2024 03:31:27 GMT+0800 (Singapore Standard Time)
8390359918,user6126,2,Sun Apr 14 2024 02:42:03 GMT+0800 (Singapore Standard Time)
8063641104,user9093,3,Mon Jan 01 2024 16:55:07 GMT+0800 (Singapore Standard Time)
8560338469,user3045,3,Sat Jun 22 2024 20:17:51 GMT+0800 (Singapore Standard Time)
7351169681,user2288,2,Thu Jan 18 2024 10:12:11 GMT+0800 (Singapore Standard Time)
8724565015,user3048,2,Thu Mar 16 2023 10:11:44 GMT+0800 (Singapore Standard Time)
9876377687,user1062,3,Wed Jul 31 2024 20:34:12 GMT+0800 (Singapore Standard Time)
6621954315,user6455,3,Wed Apr 03 2024 05:38:06 GMT+0800 (Singapore Standard Time)
2144458453,user7611,2,Mon May 06 2024 19:55:44 GMT+0800 (Singapore Standard Time)
5499914274,user7751,3,Wed Oct 04 2023 04:50:16 GMT+0800 (Singapore Standard Time)
8787830935,user1328,3,Tue Aug 13 2024 11:24:07 GMT+0800 (Singapore Standard Time)
1071220580,user2127,3,Mon Jun 24 2024 16:01:03 GMT+0800 (Singapore Standard Time)
8928680410,user3907,3,Wed Jun 21 2023 06:16:46 GMT+0800 (Singapore Standard Time)
9378680932,user4763,3,Wed Feb 14 2024 09:48:55 GMT+0800 (Singapore Standard Time)
1770823780,user8291,2,Mon Apr 24 2023 12:05:49 GMT+0800 (Singapore Standard Time)
6926280895,user3462,3,Sun Jan 07 2024 07:06:14 GMT+0800 (Singapore Standard Time)
5823491827,user3296,3,Sat Mar 23 2024 11:49:52 GMT+0800 (Singapore Standard Time)
7527633077,user4285,2,Fri May 03 2024 13:15:18 GMT+0800 (Singapore Standard Time)
5285657834,user1207,3,Fri Jul 12 2024 07:13:06 GMT+0800 (Singapore Standard Time)
7080902743,user9400,2,Mon Apr 22 2024 22:13:34 GMT+0800 (Singapore Standard Time)
7044796424,user1085,2,Thu Nov 02 2023 20:51:07 GMT+0800 (Singapore Standard Time)
7239172118,user4524,2,Fri Apr 12 2024 05:31:09 GMT+0800 (Singapore Standard Time)
8960277783,user6767,3,Mon Oct 02 2023 07:06:15 GMT+0800 (Singapore Standard Time)
7085345443,user3511,3,Sat Jun 22 2024 09:26:40 GMT+0800 (Singapore Standard Time)
1229759990,user5191,3,Sun Jun 18 2023 02:29:24 GMT+0800 (Singapore Standard Time)
2503236448,user1841,3,Mon Jan 02 2023 19:11:24 GMT+0800 (Singapore Standard Time)
8216782745,user5614,2,Sun Oct 08 2023 11:39:47 GMT+0800 (Singapore Standard Time)
9673825525,user2176,3,Thu Jul 06 2023 22:17:38 GMT+0800 (Singapore Standard Time)
9053201178,user2483,3,Sat Nov 11 2023 03:44:32 GMT+0800 (Singapore Standard Time)
9866859845,user8188,3,Sun Nov 26 2023 00:46:02 GMT+0800 (Singapore Standard Time)
5110114899,user6638,3,Mon Jan 16 2023 20:36:09 GMT+0800 (Singapore Standard Time)
5224217807,user1392,3,Thu May 09 2024 03:58:37 GMT+0800 (Singapore Standard Time)
2997821844,user3252,3,Sat Sep 02 2023 09:18:50 GMT+0800 (Singapore Standard Time)
9449409558,user3417,2,Tue Mar 26 2024 04:08:51 GMT+0800 (Singapore Standard Time)
2505686987,user9627,2,Sun Nov 05 2023 02:33:20 GMT+0800 (Singapore Standard Time)
8745362469,user3868,3,Fri Jul 05 2024 11:41:12 GMT+0800 (Singapore Standard Time)
2232393575,user3683,3,Mon Jul 29 2024 02:25:54 GMT+0800 (Singapore Standard Time)
2128448047,user4711,3,Wed Aug 16 2023 10:53:57 GMT+0800 (Singapore Standard Time)
8746857260,user5422,3,Wed Oct 04 2023 10:11:26 GMT+0800 (Singapore Standard Time)
9475358844,user5766,2,Mon Jul 29 2024 21:32:18 GMT+0800 (Singapore Standard Time)
4953344337,user9652,2,Sun Dec 24 2023 03:58:18 GMT+0800 (Singapore Standard Time)
7271074019,user2647,3,Fri Oct 13 2023 10:10:08 GMT+0800 (Singapore Standard Time)
9236591146,user4623,2,Tue Mar 12 2024 16:36:02 GMT+0800 (Singapore Standard Time)
8014853004,user3763,2,Fri Aug 16 2024 07:45:56 GMT+0800 (Singapore Standard Time)
1378334145,user5449,2,Thu May 02 2024 17:41:18 GMT+0800 (Singapore Standard Time)
3621058451,user1265,3,Wed Apr 17 2024 10:13:39 GMT+0800 (Singapore Standard Time)
5833460192,user5673,3,Sun Feb 25 2024 05:46:08 GMT+0800 (Singapore Standard Time)
2978344039,user4825,2,Thu Sep 19 2024 05:05:16 GMT+0800 (Singapore Standard Time)
5023974850,user9462,2,Tue Sep 17 2024 19:56:52 GMT+0800 (Singapore Standard Time)
5001915249,user7563,2,Sat Jul 06 2024 13:58:07 GMT+0800 (Singapore Standard Time)
7929871492,user2723,3,Sun Feb 04 2024 05:34:52 GMT+0800 (Singapore Standard Time)
9366531218,user2449,3,Mon Jan 01 2024 00:31:31 GMT+0800 (Singapore Standard Time)
9913456877,user6555,3,Sat Feb 17 2024 11:40:34 GMT+0800 (Singapore Standard Time)
3554507626,user5610,2,Sat Jan 13 2024 10:55:16 GMT+0800 (Singapore Standard Time)
4299160036,user2949,2,Wed Feb 08 2023 10:40:05 GMT+0800 (Singapore Standard Time)
8800015722,user4859,2,Thu Nov 16 2023 19:12:30 GMT+0800 (Singapore Standard Time)
9051294916,user1248,3,Thu Jul 18 2024 09:06:58 GMT+0800 (Singapore Standard Time)
2314662577,user9030,2,Tue Aug 22 2023 12:38:43 GMT+0800 (Singapore Standard Time)
7223398106,user1136,2,Fri Apr 26 2024 12:13:35 GMT+0800 (Singapore Standard Time)
9533488707,user6650,3,Mon Oct 02 2023 09:34:16 GMT+0800 (Singapore Standard Time)
6423788724,user2338,2,Wed May 29 2024 01:10:16 GMT+0800 (Singapore Standard Time)
6661605614,user9076,2,Wed Aug 30 2023 09:48:19 GMT+0800 (Singapore Standard Time)
4170875653,user1595,2,Tue Jul 02 2024 15:32:33 GMT+0800 (Singapore Standard Time)
7398265680,user3051,3,Thu Apr 06 2023 15:45:30 GMT+0800 (Singapore Standard Time)
3653460510,user5852,3,Thu Sep 19 2024 17:10:39 GMT+0800 (Singapore Standard Time)
6016737016,user3162,3,Mon Jan 23 2023 20:46:06 GMT+0800 (Singapore Standard Time)
6408237929,user3178,3,Sat Aug 05 2023 14:21:49 GMT+0800 (Singapore Standard Time)
4526426614,user6403,2,Mon Mar 11 2024 10:27:18 GMT+0800 (Singapore Standard Time)
7180381608,user4300,2,Thu Jun 27 2024 09:17:16 GMT+0800 (Singapore Standard Time)
3179961072,user2600,2,Sun Apr 02 2023 03:11:22 GMT+0800 (Singapore Standard Time)
3506741345,user7239,3,Sat Jun 10 2023 08:52:25 GMT+0800 (Singapore Standard Time)
7547184119,user9364,2,Sat May 25 2024 07:01:39 GMT+0800 (Singapore Standard Time)
1757370364,user5666,3,Mon Apr 08 2024 13:30:38 GMT+0800 (Singapore Standard Time)
8864581945,user8523,3,Thu Sep 26 2024 11:18:19 GMT+0800 (Singapore Standard Time)
3026675676,user2108,3,Mon Jun 17 2024 11:51:58 GMT+0800 (Singapore Standard Time)
9800985127,user4434,2,Wed Sep 11 2024 00:08:35 GMT+0800 (Singapore Standard Time)
4247257147,user7855,2,Sun Nov 26 2023 13:33:10 GMT+0800 (Singapore Standard Time)
6674908268,user1686,3,Sun Feb 11 2024 16:20:14 GMT+0800 (Singapore Standard Time)
5612406999,user2074,2,Mon Jul 22 2024 13:53:52 GMT+0800 (Singapore Standard Time)
3739875859,user7336,3,Sat Oct 14 2023 18:43:52 GMT+0800 (Singapore Standard Time)
4652255990,user3911,2,Thu May 16 2024 07:58:50 GMT+0800 (Singapore Standard Time)
9227844841,user4247,2,Mon Dec 25 2023 11:46:53 GMT+0800 (Singapore Standard Time)
4616680457,user2486,2,Wed Jan 25 2023 03:05:58 GMT+0800 (Singapore Standard Time)
9687287732,user5659,2,Sat Jan 13 2024 05:15:13 GMT+0800 (Singapore Standard Time)
3503421180,user5555,3,Mon Oct 07 2024 05:04:20 GMT+0800 (Singapore Standard Time)
9953402802,user9750,2,Fri Aug 11 2023 17:53:11 GMT+0800 (Singapore Standard Time)
1578772340,user9392,3,Wed Feb 01 2023 15:05:03 GMT+0800 (Singapore Standard Time)
8566513828,user9179,2,Sun Sep 01 2024 09:28:02 GMT+0800 (Singapore Standard Time)
6365437247,user9489,3,Fri Jun 16 2023 09:45:03 GMT+0800 (Singapore Standard Time)
1633484124,user2154,3,Sat Jul 20 2024 22:55:31 GMT+0800 (Singapore Standard Time)
3916808508,user9980,2,Fri Jul 26 2024 22:43:12 GMT+0800 (Singapore Standard Time)
5141638002,user8811,2,Wed Oct 11 2023 11:07:28 GMT+0800 (Singapore Standard Time)
9440452177,user8254,3,Thu Oct 24 2024 13:03:04 GMT+0800 (Singapore Standard Time)
2350611278,user2503,3,Sun Feb 18 2024 15:37:17 GMT+0800 (Singapore Standard Time)
9308420910,user3000,3,Mon Jan 02 2023 12:46:41 GMT+0800 (Singapore Standard Time)
3201211161,user4984,2,Thu Mar 21 2024 08:51:23 GMT+0800 (Singapore Standard Time)
3247316571,user5030,3,Mon Aug 28 2023 01:45:14 GMT+0800 (Singapore Standard Time)
3578412284,user3360,2,Wed Aug 30 2023 17:02:30 GMT+0800 (Singapore Standard Time)
8135230724,user9979,2,Fri Dec 29 2023 19:03:07 GMT+0800 (Singapore Standard Time)
7446753913,user4357,3,Thu Jan 11 2024 09:11:33 GMT+0800 (Singapore Standard Time)
5608508769,user5556,2,Sat Aug 31 2024 08:19:21 GMT+0800 (Singapore Standard Time)
2395989941,user1953,2,Sat Apr 01 2023 12:24:02 GMT+0800 (Singapore Standard Time)
2344412356,user7483,2,Mon May 15 2023 16:34:07 GMT+0800 (Singapore Standard Time)
6868819807,user3103,3,Mon Oct 14 2024 07:23:21 GMT+0800 (Singapore Standard Time)
1259816299,user3778,2,Fri Jul 14 2023 21:42:39 GMT+0800 (Singapore Standard Time)
9186617721,user7635,2,Sat Dec 23 2023 20:51:38 GMT+0800 (Singapore Standard Time)
9125342573,user4774,3,Tue Aug 08 2023 13:58:00 GMT+0800 (Singapore Standard Time)
5768706317,user8900,3,Wed Mar 27 2024 02:57:55 GMT+0800 (Singapore Standard Time)
4532415601,user8161,2,Sun May 05 2024 10:47:01 GMT+0800 (Singapore Standard Time)
4793482143,user4890,2,Sun Feb 18 2024 07:17:28 GMT+0800 (Singapore Standard Time)
8274347738,user3504,3,Mon Jan 30 2023 18:59:22 GMT+0800 (Singapore Standard Time)
1557673932,user2885,3,Tue Oct 31 2023 01:53:06 GMT+0800 (Singapore Standard Time)
3426645422,user6913,2,Sun Sep 03 2023 22:41:55 GMT+0800 (Singapore Standard Time)
5285877710,user5587,2,Fri Aug 04 2023 06:33:10 GMT+0800 (Singapore Standard Time)
6018904824,user7030,2,Mon Jul 15 2024 10:01:56 GMT+0800 (Singapore Standard Time)
3161123604,user2847,3,Sat Sep 16 2023 14:20:51 GMT+0800 (Singapore Standard Time)
1459964047,user2276,2,Sat Jul 20 2024 02:53:15 GMT+0800 (Singapore Standard Time)
9423623520,user6223,3,Wed Jan 24 2024 15:51:14 GMT+0800 (Singapore Standard Time)
2420062122,user5291,3,Sun May 07 2023 19:51:02 GMT+0800 (Singapore Standard Time)
2236778598,user8702,2,Sat Apr 13 2024 18:35:41 GMT+0800 (Singapore Standard Time)
5711630132,user1005,2,Tue May 14 2024 02:45:25 GMT+0800 (Singapore Standard Time)
8328717575,user1267,2,Thu Sep 07 2023 09:31:55 GMT+0800 (Singapore Standard Time)
8107717540,user2787,3,Sun Dec 31 2023 18:32:19 GMT+0800 (Singapore Standard Time)
2299076318,user8226,2,Sat Jan 14 2023 22:45:27 GMT+0800 (Singapore Standard Time)
5811319969,user9844,2,Sat Jun 17 2023 14:09:29 GMT+0800 (Singapore Standard Time)
4796740047,user9977,2,Mon Oct 16 2023 11:53:55 GMT+0800 (Singapore Standard Time)
6556927189,user6826,2,Sun May 19 2024 21:18:38 GMT+0800 (Singapore Standard Time)
4478804035,user8598,3,Sat Dec 23 2023 10:21:11 GMT+0800 (Singapore Standard Time)
4597313168,user5208,2,Mon Jan 01 2024 14:55:00 GMT+0800 (Singapore Standard Time)
4522963563,user5655,3,Fri Aug 23 2024 05:54:11 GMT+0800 (Singapore Standard Time)
5503894940,user9924,2,Thu Mar 30 2023 14:56:23 GMT+0800 (Singapore Standard Time)
7638677043,user3607,2,Tue Jan 16 2024 01:20:10 GMT+0800 (Singapore Standard Time)
5887498293,user9690,2,Tue Oct 03 2023 16:20:57 GMT+0800 (Singapore Standard Time)
6999973917,user3755,2,Wed May 15 2024 18:26:52 GMT+0800 (Singapore Standard Time)
4181838050,user8440,2,Thu Sep 19 2024 12:20:44 GMT+0800 (Singapore Standard Time)
7556571229,user1226,2,Tue Aug 13 2024 01:49:41 GMT+0800 (Singapore Standard Time)
4050106025,user6537,3,Sun Jun 25 2023 05:54:19 GMT+0800 (Singapore Standard Time)
8043747314,user4747,3,Mon Apr 22 2024 14:49:55 GMT+0800 (Singapore Standard Time)
5839053986,user4327,3,Mon Jan 30 2023 22:40:45 GMT+0800 (Singapore Standard Time)
3889235478,user5829,3,Tue Feb 14 2023 19:19:48 GMT+0800 (Singapore Standard Time)
3417560143,user5179,3,Sat Feb 03 2024 00:08:54 GMT+0800 (Singapore Standard Time)
1764228230,user4466,2,Thu Aug 29 2024 16:14:39 GMT+0800 (Singapore Standard Time)
4402597271,user5949,3,Tue Mar 05 2024 14:55:35 GMT+0800 (Singapore Standard Time)
1081112771,user1472,3,Mon Jun 03 2024 10:42:38 GMT+0800 (Singapore Standard Time)
7225852566,user8302,3,Thu Mar 21 2024 01:37:02 GMT+0800 (Singapore Standard Time)
3565779989,user1384,3,Wed Jan 31 2024 23:21:18 GMT+0800 (Singapore Standard Time)
3247205618,user3370,2,Wed May 08 2024 16:20:09 GMT+0800 (Singapore Standard Time)
1206284527,user7517,2,Wed Aug 30 2023 09:51:01 GMT+0800 (Singapore Standard Time)
4121347944,user6189,2,Mon Aug 05 2024 00:09:16 GMT+0800 (Singapore Standard Time)
4485297133,user8531,3,Fri Jul 14 2023 17:17:34 GMT+0800 (Singapore Standard Time)
2344858332,user8548,2,Fri Nov 03 2023 08:37:07 GMT+0800 (Singapore Standard Time)
3987498297,user6261,2,Wed Mar 20 2024 13:59:23 GMT+0800 (Singapore Standard Time)
1055720761,user6338,2,Sat Dec 30 2023 00:46:48 GMT+0800 (Singapore Standard Time)
9900148293,user6200,2,Wed Oct 25 2023 15:56:29 GMT+0800 (Singapore Standard Time)
6048673524,user7720,2,Sun Jul 16 2023 23:38:16 GMT+0800 (Singapore Standard Time)
4315020313,user5204,2,Sat Oct 12 2024 18:18:28 GMT+0800 (Singapore Standard Time)
1197915707,user7097,2,Thu Feb 23 2023 19:32:59 GMT+0800 (Singapore Standard Time)
2239060288,user4161,2,Sun Sep 29 2024 02:04:45 GMT+0800 (Singapore Standard Time)
4471779863,user1969,2,Sat Oct 26 2024 02:06:07 GMT+0800 (Singapore Standard Time)
9561986560,user9156,3,Fri Sep 29 2023 01:45:09 GMT+0800 (Singapore Standard Time)
5151145424,user1077,2,Fri Feb 23 2024 15:28:26 GMT+0800 (Singapore Standard Time)
8047181958,user3858,2,Sun Aug 18 2024 17:14:18 GMT+0800 (Singapore Standard Time)
3405163990,user3518,3,Mon Feb 06 2023 22:24:03 GMT+0800 (Singapore Standard Time)
8944069914,user1855,3,Sat Aug 12 2023 07:38:54 GMT+0800 (Singapore Standard Time)
8319080124,user1225,3,Sat Mar 11 2023 03:25:39 GMT+0800 (Singapore Standard Time)
6495996275,user9782,3,Fri Oct 20 2023 01:03:52 GMT+0800 (Singapore Standard Time)
1505370959,user4834,2,Wed May 03 2023 17:16:39 GMT+0800 (Singapore Standard Time)
8534487582,user7403,2,Sat Apr 01 2023 05:12:43 GMT+0800 (Singapore Standard Time)
6485604106,user5030,3,Tue Aug 13 2024 12:55:50 GMT+0800 (Singapore Standard Time)
4196405618,user1908,2,Fri Dec 01 2023 23:14:36 GMT+0800 (Singapore Standard Time)
7736002266,user4823,2,Thu Apr 04 2024 06:10:22 GMT+0800 (Singapore Standard Time)
6412606140,user5551,2,Fri Dec 08 2023 17:34:30 GMT+0800 (Singapore Standard Time)
5966307819,user5924,3,Thu Feb 23 2023 15:17:06 GMT+0800 (Singapore Standard Time)
8404090937,user9925,2,Wed Nov 15 2023 08:21:59 GMT+0800 (Singapore Standard Time)
6286504848,user6210,3,Tue Jun 20 2023 12:16:20 GMT+0800 (Singapore Standard Time)
5869335228,user2849,3,Fri May 19 2023 07:29:21 GMT+0800 (Singapore Standard Time)
2396526980,user6355,3,Wed Mar 20 2024 07:44:51 GMT+0800 (Singapore Standard Time)
9757157796,user2577,2,Sun Feb 26 2023 08:43:04 GMT+0800 (Singapore Standard Time)
5908776168,user4466,3,Tue Apr 23 2024 20:09:04 GMT+0800 (Singapore Standard Time)
1778743016,user1123,2,Thu Jan 26 2023 16:05:53 GMT+0800 (Singapore Standard Time)
5031560256,user2926,2,Wed Aug 09 2023 12:18:01 GMT+0800 (Singapore Standard Time)
7745528873,user9862,2,Tue Apr 18 2023 15:15:09 GMT+0800 (Singapore Standard Time)
1139723273,user1990,3,Tue Nov 21 2023 15:55:10 GMT+0800 (Singapore Standard Time)
8147787163,user2768,3,Sun May 05 2024 04:08:30 GMT+0800 (Singapore Standard Time)
9366043392,user1962,2,Sat Jun 24 2023 01:57:03 GMT+0800 (Singapore Standard Time)
5625052621,user1973,3,Sat Sep 02 2023 04:31:02 GMT+0800 (Singapore Standard Time)
8291931391,user2147,3,Mon Sep 04 2023 07:12:49 GMT+0800 (Singapore Standard Time)
6148194068,user1836,3,Wed Aug 23 2023 23:04:57 GMT+0800 (Singapore Standard Time)
2820775595,user8668,2,Thu Feb 16 2023 18:59:02 GMT+0800 (Singapore Standard Time)
2238201075,user6768,3,Wed Sep 25 2024 16:16:17 GMT+0800 (Singapore Standard Time)
2559638032,user7572,3,Sun Jul 21 2024 00:45:15 GMT+0800 (Singapore Standard Time)
3474360382,user9928,2,Sun Oct 20 2024 17:45:39 GMT+0800 (Singapore Standard Time)
3765016288,user1118,2,Mon Aug 28 2023 05:10:31 GMT+0800 (Singapore Standard Time)
5721254632,user1338,2,Tue Aug 29 2023 04:25:37 GMT+0800 (Singapore Standard Time)
4736459610,user6863,2,Tue Nov 21 2023 11:10:29 GMT+0800 (Singapore Standard Time)
7924509050,user3012,2,Sat Mar 23 2024 20:05:55 GMT+0800 (Singapore Standard Time)
8867048216,user6849,2,Sat Sep 14 2024 17:56:17 GMT+0800 (Singapore Standard Time)
4360157648,user9238,2,Tue Aug 29 2023 18:01:39 GMT+0800 (Singapore Standard Time)
3280977050,user8574,2,Fri Nov 03 2023 22:54:34 GMT+0800 (Singapore Standard Time)
9213806205,user6345,3,Sat Jan 20 2024 10:40:47 GMT+0800 (Singapore Standard Time)
4062335632,user1976,3,Thu Sep 14 2023 23:01:08 GMT+0800 (Singapore Standard Time)
4116567017,user6718,3,Thu Nov 09 2023 19:26:20 GMT+0800 (Singapore Standard Time)
5176217902,user1535,3,Tue Jan 02 2024 01:28:41 GMT+0800 (Singapore Standard Time)
6550355972,user8150,3,Tue Jul 25 2023 06:55:08 GMT+0800 (Singapore Standard Time)
1032901437,user5546,3,Sun Jun 04 2023 17:02:15 GMT+0800 (Singapore Standard Time)
5301764214,user8131,3,Sun May 19 2024 08:17:18 GMT+0800 (Singapore Standard Time)
9374325628,user1120,2,Tue Apr 25 2023 17:56:30 GMT+0800 (Singapore Standard Time)
4396329624,user8484,3,Sat Aug 24 2024 12:17:06 GMT+0800 (Singapore Standard Time)
6432303864,user2513,3,Fri Apr 05 2024 08:56:43 GMT+0800 (Singapore Standard Time)
2549897664,user7852,2,Thu Nov 16 2023 15:52:33 GMT+0800 (Singapore Standard Time)
3607901412,user2123,2,Thu Apr 25 2024 02:29:44 GMT+0800 (Singapore Standard Time)
3055997275,user8618,2,Tue Apr 02 2024 13:53:45 GMT+0800 (Singapore Standard Time)
5100500286,user5670,3,Sun Mar 17 2024 13:05:38 GMT+0800 (Singapore Standard Time)
1002557460,user7450,3,Sun Oct 06 2024 22:24:28 GMT+0800 (Singapore Standard Time)
8949070599,user4451,3,Thu May 23 2024 11:27:31 GMT+0800 (Singapore Standard Time)
7325146624,user2327,2,Sat Jun 15 2024 04:27:51 GMT+0800 (Singapore Standard Time)
8496883957,user9465,2,Sat Feb 11 2023 18:28:55 GMT+0800 (Singapore Standard Time)
7488181684,user3915,3,Tue Jan 23 2024 14:16:09 GMT+0800 (Singapore Standard Time)
2143980183,user3808,3,Wed May 01 2024 10:45:42 GMT+0800 (Singapore Standard Time)
1313715741,user5982,2,Fri Dec 08 2023 22:31:53 GMT+0800 (Singapore Standard Time)
1769285067,user1533,2,Sun Dec 17 2023 05:38:08 GMT+0800 (Singapore Standard Time)
6814632534,user5599,2,Tue Jul 02 2024 17:54:27 GMT+0800 (Singapore Standard Time)
6194423694,user1230,2,Sat Aug 24 2024 00:51:53 GMT+0800 (Singapore Standard Time)
9075249610,user2189,3,Wed Jun 14 2023 06:59:07 GMT+0800 (Singapore Standard Time)
2684716528,user4291,3,Sun Jun 02 2024 03:44:09 GMT+0800 (Singapore Standard Time)
9045795114,user3746,2,Thu Aug 24 2023 16:23:08 GMT+0800 (Singapore Standard Time)
5088370697,user4496,3,Fri Apr 19 2024 20:59:57 GMT+0800 (Singapore Standard Time)
6723539749,user2260,2,Tue Jul 25 2023 10:30:42 GMT+0800 (Singapore Standard Time)
5304893562,user5397,3,Sat Nov 04 2023 02:01:39 GMT+0800 (Singapore Standard Time)
9903026649,user5743,3,Mon Dec 25 2023 03:33:39 GMT+0800 (Singapore Standard Time)
5012780801,user4784,3,Mon Oct 07 2024 23:21:18 GMT+0800 (Singapore Standard Time)
7489804583,user4379,3,Wed Jun 26 2024 10:12:33 GMT+0800 (Singapore Standard Time)
1440644871,user3429,2,Sun Apr 14 2024 10:47:28 GMT+0800 (Singapore Standard Time)
7672185805,user8817,2,Sat Oct 28 2023 04:41:05 GMT+0800 (Singapore Standard Time)
5515145168,user7176,2,Mon May 15 2023 08:29:17 GMT+0800 (Singapore Standard Time)
5751126914,user5639,3,Sat Aug 03 2024 18:39:39 GMT+0800 (Singapore Standard Time)
4765650154,user2204,2,Sun Sep 29 2024 00:47:43 GMT+0800 (Singapore Standard Time)
8725990872,user4155,3,Tue Sep 17 2024 00:29:37 GMT+0800 (Singapore Standard Time)
1622569399,user4509,3,Fri Apr 21 2023 15:42:28 GMT+0800 (Singapore Standard Time)
2250398271,user2578,2,Mon Jun 12 2023 22:10:30 GMT+0800 (Singapore Standard Time)
6345315217,user8001,3,Wed Jan 24 2024 17:01:04 GMT+0800 (Singapore Standard Time)
7060670861,user4461,2,Thu May 25 2023 19:36:54 GMT+0800 (Singapore Standard Time)
4512937359,user2263,3,Mon Sep 11 2023 21:01:18 GMT+0800 (Singapore Standard Time)
2931679474,user7109,3,Thu Jul 25 2024 14:26:08 GMT+0800 (Singapore Standard Time)
2670130613,user8017,3,Mon Aug 28 2023 22:24:28 GMT+0800 (Singapore Standard Time)
9315298419,user8808,2,Sat Sep 16 2023 21:01:02 GMT+0800 (Singapore Standard Time)
5370007470,user2278,3,Thu May 04 2023 22:31:49 GMT+0800 (Singapore Standard Time)
1881332390,user9309,2,Wed Jul 26 2023 12:33:18 GMT+0800 (Singapore Standard Time)
5930032525,user2772,3,Sun Feb 11 2024 23:24:24 GMT+0800 (Singapore Standard Time)
4941943475,user8645,3,Tue Mar 07 2023 09:37:37 GMT+0800 (Singapore Standard Time)
3866195991,user5400,3,Thu Sep 05 2024 19:02:56 GMT+0800 (Singapore Standard Time)
5224972956,user4430,2,Sat Aug 31 2024 18:08:46 GMT+0800 (Singapore Standard Time)
7621443108,user3207,2,Sun Mar 12 2023 01:56:57 GMT+0800 (Singapore Standard Time)
4320152513,user7303,2,Wed Jan 24 2024 22:28:31 GMT+0800 (Singapore Standard Time)
4165749100,user5646,2,Tue Dec 05 2023 15:37:42 GMT+0800 (Singapore Standard Time)
7692208953,user6059,3,Fri Feb 02 2024 22:52:41 GMT+0800 (Singapore Standard Time)
7245053854,user3993,2,Sat Aug 26 2023 06:15:40 GMT+0800 (Singapore Standard Time)
7897571655,user4239,3,Mon Oct 16 2023 00:36:09 GMT+0800 (Singapore Standard Time)
5971070977,user4589,3,Sat May 11 2024 09:59:06 GMT+0800 (Singapore Standard Time)
3885995140,user2915,2,Sat Aug 05 2023 08:58:02 GMT+0800 (Singapore Standard Time)
9729610565,user4722,3,Mon Nov 06 2023 23:26:11 GMT+0800 (Singapore Standard Time)
7672346624,user9661,2,Sun Mar 10 2024 04:53:32 GMT+0800 (Singapore Standard Time)
5386214457,user9396,2,Mon Jun 12 2023 14:32:31 GMT+0800 (Singapore Standard Time)
6856973274,user3946,3,Sat Apr 15 2023 05:38:02 GMT+0800 (Singapore Standard Time)
7336300423,user7544,2,Mon Dec 04 2023 06:11:23 GMT+0800 (Singapore Standard Time)
6270136202,user3902,2,Mon May 22 2023 22:54:02 GMT+0800 (Singapore Standard Time)
7577700570,user5667,3,Thu Feb 09 2023 05:47:29 GMT+0800 (Singapore Standard Time)
4718062289,user6866,2,Fri Jan 13 2023 06:36:00 GMT+0800 (Singapore Standard Time)
5562356991,user1473,2,Fri Jul 05 2024 14:16:44 GMT+0800 (Singapore Standard Time)
8772205444,user8087,3,Mon Aug 26 2024 15:59:40 GMT+0800 (Singapore Standard Time)
6342437781,user1659,2,Thu May 02 2024 21:11:10 GMT+0800 (Singapore Standard Time)
3689296947,user7919,3,Sun Jun 23 2024 04:59:20 GMT+0800 (Singapore Standard Time)
1051585836,user1745,2,Tue Jan 23 2024 10:32:03 GMT+0800 (Singapore Standard Time)
9329495596,user5510,2,Mon Oct 16 2023 16:08:26 GMT+0800 (Singapore Standard Time)
3046158807,user9470,2,Thu Aug 29 2024 09:16:56 GMT+0800 (Singapore Standard Time)
2946507544,user2434,2,Fri May 24 2024 04:19:22 GMT+0800 (Singapore Standard Time)
6186203038,user3877,3,Tue Jul 30 2024 03:19:45 GMT+0800 (Singapore Standard Time)
5409463238,user2954,2,Thu Aug 31 2023 23:03:18 GMT+0800 (Singapore Standard Time)
3785241287,user7712,3,Fri Aug 25 2023 18:14:37 GMT+0800 (Singapore Standard Time)
1642688756,user7146,3,Tue Jan 23 2024 13:01:52 GMT+0800 (Singapore Standard Time)
9201724439,user1899,3,Tue Oct 31 2023 02:38:47 GMT+0800 (Singapore Standard Time)
7291675811,user5880,3,Thu Oct 10 2024 08:58:30 GMT+0800 (Singapore Standard Time)
1225930436,user6792,2,Fri Aug 02 2024 13:48:11 GMT+0800 (Singapore Standard Time)
4241863567,user3946,3,Tue Jun 27 2023 23:28:14 GMT+0800 (Singapore Standard Time)
5731298941,user8603,3,Fri Aug 18 2023 08:02:42 GMT+0800 (Singapore Standard Time)
6995313539,user4348,3,Sun Jul 14 2024 10:30:59 GMT+0800 (Singapore Standard Time)
9471179662,user4017,2,Fri May 10 2024 18:01:44 GMT+0800 (Singapore Standard Time)
8211204907,user9107,2,Thu Apr 18 2024 22:01:53 GMT+0800 (Singapore Standard Time)
9890452278,user8695,2,Mon Oct 02 2023 05:46:46 GMT+0800 (Singapore Standard Time)
7409620061,user5496,2,Wed Jun 28 2023 06:34:50 GMT+0800 (Singapore Standard Time)
1285611177,user8099,3,Sun Nov 05 2023 02:49:58 GMT+0800 (Singapore Standard Time)
9933399111,user3676,2,Mon Dec 04 2023 00:48:09 GMT+0800 (Singapore Standard Time)
4913960665,user3259,3,Sun Feb 05 2023 16:18:55 GMT+0800 (Singapore Standard Time)
5153068833,user9682,3,Sat Sep 02 2023 20:42:16 GMT+0800 (Singapore Standard Time)
6798156106,user5702,2,Sat Apr 20 2024 12:43:52 GMT+0800 (Singapore Standard Time)
4355813892,user3116,2,Sat Aug 19 2023 22:07:52 GMT+0800 (Singapore Standard Time)
3748421771,user4566,3,Wed May 22 2024 17:37:45 GMT+0800 (Singapore Standard Time)
3649621582,user4147,2,Sat May 04 2024 12:28:13 GMT+0800 (Singapore Standard Time)
2373113630,user9398,2,Sat Feb 18 2023 18:02:42 GMT+0800 (Singapore Standard Time)
7181047418,user8119,2,Thu Jan 05 2023 05:54:35 GMT+0800 (Singapore Standard Time)
4460603402,user5209,2,Sun Jan 07 2024 00:53:18 GMT+0800 (Singapore Standard Time)
1623873448,user4717,2,Thu May 30 2024 02:03:31 GMT+0800 (Singapore Standard Time)
3042147783,user4453,3,Fri Apr 05 2024 07:01:20 GMT+0800 (Singapore Standard Time)
6068227805,user7701,3,Sat Dec 02 2023 21:22:20 GMT+0800 (Singapore Standard Time)
1468931018,user2771,3,Sat Apr 15 2023 00:42:17 GMT+0800 (Singapore Standard Time)
6880556208,user7929,2,Fri Jun 07 2024 22:10:39 GMT+0800 (Singapore Standard Time)
2937257966,user3761,2,Fri Mar 08 2024 06:57:45 GMT+0800 (Singapore Standard Time)
3235162900,user7218,3,Tue Jul 11 2023 21:23:46 GMT+0800 (Singapore Standard Time)
3367163338,user7154,2,Fri Oct 13 2023 05:44:53 GMT+0800 (Singapore Standard Time)
7694142104,user4102,2,Thu Jan 12 2023 00:35:54 GMT+0800 (Singapore Standard Time)
6152501659,user6640,2,Sat Mar 09 2024 02:44:49 GMT+0800 (Singapore Standard Time)
3980976928,user3952,3,Tue Mar 07 2023 10:30:07 GMT+0800 (Singapore Standard Time)
9661874437,user7448,2,Mon Aug 07 2023 05:58:22 GMT+0800 (Singapore Standard Time)
6264022272,user4487,2,Mon Dec 18 2023 21:46:03 GMT+0800 (Singapore Standard Time)
1121808728,user1370,3,Mon Feb 12 2024 07:30:38 GMT+0800 (Singapore Standard Time)
4573728778,user3613,3,Mon Sep 09 2024 11:06:56 GMT+0800 (Singapore Standard Time)
1305696423,user9545,3,Sat Dec 30 2023 01:09:38 GMT+0800 (Singapore Standard Time)
3713227068,user1949,3,Sat Apr 22 2023 01:51:21 GMT+0800 (Singapore Standard Time)
2170060715,user4552,2,Wed Jan 18 2023 02:15:31 GMT+0800 (Singapore Standard Time)
7150127850,user7129,2,Sun Feb 19 2023 11:49:05 GMT+0800 (Singapore Standard Time)
6959299516,user5730,2,Wed Apr 26 2023 17:22:02 GMT+0800 (Singapore Standard Time)
8615433797,user3329,2,Fri Feb 24 2023 13:13:16 GMT+0800 (Singapore Standard Time)
8207205757,user2920,3,Fri May 05 2023 07:36:38 GMT+0800 (Singapore Standard Time)
8605601162,user4075,3,Sun Aug 20 2023 21:24:20 GMT+0800 (Singapore Standard Time)
8423394662,user4477,3,Tue Feb 13 2024 00:28:51 GMT+0800 (Singapore Standard Time)
2942192000,user5500,3,Sun Dec 17 2023 18:02:36 GMT+0800 (Singapore Standard Time)
5195770965,user8437,2,Fri Aug 30 2024 00:39:03 GMT+0800 (Singapore Standard Time)
1314154088,user9309,3,Sun Jul 28 2024 13:04:58 GMT+0800 (Singapore Standard Time)
6859212026,user4450,3,Fri Aug 23 2024 05:39:58 GMT+0800 (Singapore Standard Time)
7742030812,user6437,2,Fri Oct 04 2024 11:41:03 GMT+0800 (Singapore Standard Time)
9615827301,user3804,3,Thu Jul 13 2023 03:21:52 GMT+0800 (Singapore Standard Time)
1644681138,user1658,2,Sun May 26 2024 18:00:05 GMT+0800 (Singapore Standard Time)
9844055882,user4346,3,Sat Sep 14 2024 14:08:25 GMT+0800 (Singapore Standard Time)
1784230385,user5226,3,Sun Apr 09 2023 02:32:33 GMT+0800 (Singapore Standard Time)
6324702688,user9456,2,Sun Mar 26 2023 04:08:02 GMT+0800 (Singapore Standard Time)
2855121058,user3690,2,Tue Mar 19 2024 02:18:46 GMT+0800 (Singapore Standard Time)
4714410397,user6936,2,Wed Nov 22 2023 02:18:59 GMT+0800 (Singapore Standard Time)
1170369501,user6052,3,Wed Sep 13 2023 22:47:51 GMT+0800 (Singapore Standard Time)
8340009781,user5392,3,Sat Oct 21 2023 10:06:47 GMT+0800 (Singapore Standard Time)
9891908444,user9687,3,Fri Apr 07 2023 10:35:08 GMT+0800 (Singapore Standard Time)
4583062460,user6857,2,Thu Nov 30 2023 01:21:53 GMT+0800 (Singapore Standard Time)
2505730280,user7606,3,Wed Feb 28 2024 13:49:54 GMT+0800 (Singapore Standard Time)
2150339543,user2304,2,Wed Jun 26 2024 06:40:23 GMT+0800 (Singapore Standard Time)
5876397921,user9677,3,Tue Feb 14 2023 12:44:02 GMT+0800 (Singapore Standard Time)
7672392590,user5477,3,Mon Jun 10 2024 21:25:26 GMT+0800 (Singapore Standard Time)
7683375211,user1295,2,Thu May 18 2023 15:16:04 GMT+0800 (Singapore Standard Time)
5808043163,user5467,3,Thu Mar 14 2024 15:22:49 GMT+0800 (Singapore Standard Time)
2345618034,user9799,3,Sat Jul 22 2023 06:23:17 GMT+0800 (Singapore Standard Time)
5497754532,user9665,2,Sun May 14 2023 07:01:24 GMT+0800 (Singapore Standard Time)
4297788897,user6181,3,Tue Jun 18 2024 08:25:06 GMT+0800 (Singapore Standard Time)
4327335210,user4679,2,Fri Dec 01 2023 22:08:25 GMT+0800 (Singapore Standard Time)
8830816170,user4747,2,Mon Aug 07 2023 15:31:19 GMT+0800 (Singapore Standard Time)
4208842813,user8368,2,Tue May 14 2024 04:33:43 GMT+0800 (Singapore Standard Time)
3513330964,user9411,2,Sat Jul 13 2024 07:59:26 GMT+0800 (Singapore Standard Time)
7507539820,user2521,3,Sun May 14 2023 09:14:59 GMT+0800 (Singapore Standard Time)
8504654991,user6625,2,Thu May 04 2023 23:44:22 GMT+0800 (Singapore Standard Time)
7875124325,user4079,3,Thu Aug 17 2023 16:11:48 GMT+0800 (Singapore Standard Time)
5619154542,user6707,2,Sun Feb 12 2023 21:44:28 GMT+0800 (Singapore Standard Time)
2386983269,user3964,2,Mon Feb 20 2023 20:06:54 GMT+0800 (Singapore Standard Time)
5118592045,user2861,2,Mon Jan 02 2023 18:57:41 GMT+0800 (Singapore Standard Time)
8096464549,user6761,2,Fri Nov 24 2023 09:48:17 GMT+0800 (Singapore Standard Time)
2249563627,user8517,3,Fri Jun 28 2024 22:09:07 GMT+0800 (Singapore Standard Time)
7698897719,user3696,3,Sat Feb 25 2023 06:05:59 GMT+0800 (Singapore Standard Time)
1488418503,user9999,2,Tue Jul 04 2023 10:05:20 GMT+0800 (Singapore Standard Time)
4087158807,user7890,2,Fri Jan 20 2023 06:06:53 GMT+0800 (Singapore Standard Time)
3035426698,user2570,2,Mon Aug 14 2023 08:51:42 GMT+0800 (Singapore Standard Time)
6841047185,user6429,3,Fri Apr 05 2024 11:17:34 GMT+0800 (Singapore Standard Time)
2815536190,user8439,3,Fri Dec 01 2023 22:56:56 GMT+0800 (Singapore Standard Time)
9872380198,user8884,3,Sat Oct 14 2023 09:54:43 GMT+0800 (Singapore Standard Time)
1043016458,user5441,2,Wed Mar 22 2023 11:09:14 GMT+0800 (Singapore Standard Time)
2234918582,user4888,2,Tue Apr 23 2024 09:15:36 GMT+0800 (Singapore Standard Time)
4845200721,user5597,3,Thu Jan 25 2024 06:54:13 GMT+0800 (Singapore Standard Time)
9438742819,user9612,3,Fri Aug 02 2024 12:48:52 GMT+0800 (Singapore Standard Time)
9147565808,user5043,2,Mon Dec 25 2023 17:57:35 GMT+0800 (Singapore Standard Time)
5599959848,user6193,2,Mon Apr 08 2024 18:37:56 GMT+0800 (Singapore Standard Time)
9115986544,user8938,2,Tue May 14 2024 01:58:07 GMT+0800 (Singapore Standard Time)
8171001471,user3428,3,Sun Mar 26 2023 14:11:48 GMT+0800 (Singapore Standard Time)
7937731756,user7227,2,Tue May 07 2024 11:52:18 GMT+0800 (Singapore Standard Time)
7315373477,user9133,3,Sat Sep 28 2024 11:10:40 GMT+0800 (Singapore Standard Time)
5988654200,user9502,3,Thu Jan 04 2024 16:10:48 GMT+0800 (Singapore Standard Time)
7499365724,user8899,2,Wed Jun 19 2024 20:01:18 GMT+0800 (Singapore Standard Time)
9851267817,user1870,3,Mon Mar 27 2023 00:41:52 GMT+0800 (Singapore Standard Time)
5238400831,user3958,3,Fri Feb 03 2023 20:51:13 GMT+0800 (Singapore Standard Time)
5326132145,user1606,2,Thu May 09 2024 20:29:33 GMT+0800 (Singapore Standard Time)
7617849814,user5393,2,Tue Feb 27 2024 08:39:07 GMT+0800 (Singapore Standard Time)
3116380333,user8141,3,Tue Oct 24 2023 13:43:59 GMT+0800 (Singapore Standard Time)
4206448198,user3710,2,Tue Nov 28 2023 10:34:21 GMT+0800 (Singapore Standard Time)
2004299520,user9796,3,Wed Jan 17 2024 12:00:05 GMT+0800 (Singapore Standard Time)
5200402258,user1490,3,Thu May 30 2024 14:22:02 GMT+0800 (Singapore Standard Time)
1138060430,user5723,3,Wed Jan 17 2024 18:50:33 GMT+0800 (Singapore Standard Time)
8185657916,user7845,2,Sat Feb 24 2024 06:45:30 GMT+0800 (Singapore Standard Time)
4114041607,user4432,2,Wed Jul 03 2024 17:43:56 GMT+0800 (Singapore Standard Time)
1186656298,user7887,2,Mon Mar 06 2023 18:11:12 GMT+0800 (Singapore Standard Time)
4683950046,user7364,2,Sat Aug 31 2024 02:57:39 GMT+0800 (Singapore Standard Time)
3089299510,user9088,2,Sun Jun 18 2023 10:52:38 GMT+0800 (Singapore Standard Time)
2386748865,user4082,3,Fri May 24 2024 11:08:21 GMT+0800 (Singapore Standard Time)
9112723087,user7157,3,Sat Apr 06 2024 00:51:50 GMT+0800 (Singapore Standard Time)
4398346150,user9917,3,Thu Jul 11 2024 23:08:12 GMT+0800 (Singapore Standard Time)
9250574253,user6390,3,Sat Sep 02 2023 20:56:32 GMT+0800 (Singapore Standard Time)
1856833557,user8006,2,Sun Mar 03 2024 10:46:03 GMT+0800 (Singapore Standard Time)
6893839240,user7374,2,Sun Aug 13 2023 21:55:07 GMT+0800 (Singapore Standard Time)
5787493524,user2288,3,Tue Jun 18 2024 15:55:36 GMT+0800 (Singapore Standard Time)
6801560887,user6983,2,Sat Aug 19 2023 02:43:29 GMT+0800 (Singapore Standard Time)
7383786837,user9363,2,Thu Sep 14 2023 15:03:38 GMT+0800 (Singapore Standard Time)
4945029430,user1969,2,Sat May 27 2023 09:21:59 GMT+0800 (Singapore Standard Time)
5850977144,user9503,3,Wed Mar 13 2024 04:12:38 GMT+0800 (Singapore Standard Time)
8100376343,user7711,3,Tue Oct 24 2023 16:30:13 GMT+0800 (Singapore Standard Time)
2290415278,user7314,2,Tue Jun 04 2024 14:42:58 GMT+0800 (Singapore Standard Time)
2155478174,user3140,3,Sun Jun 25 2023 10:08:59 GMT+0800 (Singapore Standard Time)
8622370100,user9804,2,Sun Jan 28 2024 15:48:17 GMT+0800 (Singapore Standard Time)
2603302583,user9289,2,Sun Jan 08 2023 21:16:37 GMT+0800 (Singapore Standard Time)
7972669808,user8806,2,Sat Oct 05 2024 11:57:06 GMT+0800 (Singapore Standard Time)
7137356572,user3974,3,Sun Jun 09 2024 16:17:35 GMT+0800 (Singapore Standard Time)
9729880476,user9432,3,Sat Feb 11 2023 06:31:25 GMT+0800 (Singapore Standard Time)
4023399184,user4632,2,Mon May 29 2023 15:55:24 GMT+0800 (Singapore Standard Time)
